{"stats":{"minecraft:used":{"minecraft:sticky_piston":1,"minecraft:writable_book":6,"minecraft:repeater":5,"minecraft:written_book":5,"minecraft:command_block":18,"minecraft:redstone":7,"minecraft:stone_button":4,"minecraft:oak_sign":6,"minecraft:white_concrete":12,"minecraft:stone":68,"minecraft:redstone_block":1},"minecraft:picked_up":{"minecraft:repeater":4,"minecraft:stone_button":2,"minecraft:redstone":5},"minecraft:custom":{"minecraft:time_since_rest":91,"minecraft:open_chest":3,"minecraft:crouch_one_cm":195,"minecraft:sprint_one_cm":3571,"minecraft:play_time":58218,"minecraft:deaths":5,"minecraft:walk_one_cm":38860,"minecraft:sneak_time":371,"minecraft:interact_with_lectern":15,"minecraft:jump":141,"minecraft:leave_game":18,"minecraft:time_since_death":62,"minecraft:total_world_time":74271,"minecraft:fly_one_cm":89609}},"DataVersion":2975}